<?xml version="1.0" encoding="UTF-8"?>
<project-private xmlns="http://www.netbeans.org/ns/project-private/1">
    <editor-bookmarks xmlns="http://www.netbeans.org/ns/editor-bookmarks/2" lastBookmarkId="0"/>
    <open-files xmlns="http://www.netbeans.org/ns/projectui-open-files/2">
        <group>
            <file>file:/C:/xampp/htdocs/KhataMaintenance/index.php</file>
            <file>file:/C:/xampp/htdocs/KhataMaintenance/dashboard.php</file>
            <file>file:/C:/xampp/htdocs/KhataMaintenance/viewCustomer.php</file>
            <file>file:/C:/xampp/htdocs/KhataMaintenance/config.php</file>
            <file>file:/C:/xampp/htdocs/KhataMaintenance/addCustomer.php</file>
            <file>file:/C:/xampp/htdocs/KhataMaintenance/logout.php</file>
        </group>
    </open-files>
</project-private>
